src,ID,type
A01,T01,T
A02,T02,T
A03,T03,T
A04,T04,T
A05,T05,T
B01,T06,T
B02,T07,T
B03,T08,T
B04,T09,T
B05,T10,T
C01,T11,T
C02,T12,T
C03,T13,T
C04,T14,T
C05,T15,T
D01,T16,T
D02,T17,T
D03,T18,T
D04,T19,T
D05,T20,T
E01,T21,T
E02,T22,T
E03,T23,T
E04,T24,T
E05,T25,T
F01,T26,T
F02,T27,T
F03,T28,T
F04,T29,T
F05,T30,T
G01,T31,T
G02,T32,T
G03,T33,T
G04,T34,T
G05,T35,T
H01,T36,T
H02,T37,T
H03,T38,T
H04,T39,T
H05,T40,T
A07,N01,N
A08,P01,P
B07,N02,N
B08,P02,P
C07,N03,N
C08,P03,P
D07,N04,N
D08,P04,P
